-- Insert values in the Person table  
INSERT INTO Person ([Name],Gender,DateOfBirth,Contact,StreetAddress,City, [State], ZIP) 
VALUES('John Doe','M','1985-07-15','555-123-4567','123 Elm St','Boston','MA','02108') 
INSERT INTO Person ([Name],Gender,DateOfBirth,Contact,StreetAddress,City, [State], ZIP) 
VALUES('Jane Smith','F','1990-03-22','555-987-6543','456 Oak St','Boston','MA','02108') 
INSERT INTO Person ([Name],Gender,DateOfBirth,Contact,StreetAddress,City, [State], ZIP) 
VALUES('Alex Johnson','M','1978-12-05','555-555-1234','789 Pine Ave','Boston','MA','02108') 
INSERT INTO Person ([Name],Gender,DateOfBirth,Contact,StreetAddress,City, [State], ZIP) 
VALUES('Maria Garcia','F','1982-11-30','555-444-5678','101 Maple Blvd','Boston','MA','02108') 
INSERT INTO Person ([Name],Gender,DateOfBirth,Contact,StreetAddress,City, [State], ZIP) 
VALUES('Chris Lee','O','1995-08-14','555-888-9999','202 Cedar Ln','Boston','MA','02108') 
INSERT INTO Person ([Name],Gender,DateOfBirth,Contact,StreetAddress,City, [State], ZIP) 
VALUES('Sarah Kim','F','1988-01-18','555-222-3333','303 Birch Rd','Boston','MA','02108') 
INSERT INTO Person ([Name],Gender,DateOfBirth,Contact,StreetAddress,City, [State], ZIP) 
VALUES('Robert Brown','M','1975-06-11','555-666-7777','404 Walnut Dr','Boston','MA','02108') 
INSERT INTO Person ([Name],Gender,DateOfBirth,Contact,StreetAddress,City, [State], ZIP) 
VALUES('Linda Davis','F','1992-02-28','555-111-2222','505 Spruce St','Boston','MA','02108') 
INSERT INTO Person ([Name],Gender,DateOfBirth,Contact,StreetAddress,City, [State], ZIP) 
VALUES('Michael Wilson','M','1981-04-25','555-333-4444','606 Fir Ave','Boston','MA','02108') 
INSERT INTO Person ([Name],Gender,DateOfBirth,Contact,StreetAddress,City, [State], ZIP) 
VALUES('Emily Martinez','F','1993-07-21','555-777-8888','707 Cypress St','Boston','MA','02108') 
INSERT INTO Person ([Name],Gender,DateOfBirth,Contact,StreetAddress,City, [State], ZIP) 
VALUES('Jacob Clark','M','1984-05-16','555-999-0000','808 Redwood St','Boston','MA','02108') 
INSERT INTO Person ([Name],Gender,DateOfBirth,Contact,StreetAddress,City, [State], ZIP) 
VALUES('Olivia Rodriguez','F','1991-09-09','555-123-7890','909 Sequoia 
Ave','Boston','MA','02108') 
INSERT INTO Person ([Name],Gender,DateOfBirth,Contact,StreetAddress,City, [State], ZIP) 
VALUES('Matthew Lewis','M','1979-11-07','555-321-4321','1010 Chestnut Rd','Boston','MA','02108') 
INSERT INTO Person ([Name],Gender,DateOfBirth,Contact,StreetAddress,City, [State], ZIP) 
VALUES('Chloe Allen','F','1986-06-26','555-654-9876','1111 Magnolia St','Boston','MA','02108') 
INSERT INTO Person ([Name],Gender,DateOfBirth,Contact,StreetAddress,City, [State], ZIP) 
VALUES('Benjamin Young','M','1980-10-14','555-456-7890','1212 Willow Ln','Boston','MA','02108') 
INSERT INTO Person ([Name],Gender,DateOfBirth,Contact,StreetAddress,City, [State], ZIP) 
VALUES('Ava Hernandez','F','1994-08-02','555-789-1234','1313 Ash St','Boston','MA','02108') 
INSERT INTO Person ([Name],Gender,DateOfBirth,Contact,StreetAddress,City, [State], ZIP) 
VALUES('Mason White','M','1983-12-18','555-888-5555','1414 Poplar Blvd','Boston','MA','02108') 
INSERT INTO Person ([Name],Gender,DateOfBirth,Contact,StreetAddress,City, [State], ZIP) 
VALUES('Sophia Hall','F','1996-11-11','555-222-8888','1515 Elmwood Dr','Boston','MA','02108') 
INSERT INTO Person ([Name],Gender,DateOfBirth,Contact,StreetAddress,City, [State], ZIP) 
VALUES('Elijah King','M','1977-09-23','555-444-3333','1616 Dogwood St','Boston','MA','02108') 
INSERT INTO Person ([Name],Gender,DateOfBirth,Contact,StreetAddress,City, [State], ZIP) 
VALUES('Abigail Wright','F','1990-05-30','555-111-6666','1717 Holly Rd','Boston','MA','02108') 
INSERT INTO Person ([Name],Gender,DateOfBirth,Contact,StreetAddress,City, [State], ZIP) 
VALUES('Henry Lopez','M','1982-03-20','555-777-2222','1818 Alder Ln','Boston','MA','02108') 
INSERT INTO Person ([Name],Gender,DateOfBirth,Contact,StreetAddress,City, [State], ZIP) 
VALUES('Grace Scott','F','1987-04-01','555-333-9999','1919 Hickory St','Boston','MA','02108') 
INSERT INTO Person ([Name],Gender,DateOfBirth,Contact,StreetAddress,City, [State], ZIP) 
VALUES('Daniel Green','M','1976-08-30','555-555-6666','2020 Pinecone Blvd','Boston','MA','02108') 
INSERT INTO Person ([Name],Gender,DateOfBirth,Contact,StreetAddress,City, [State], ZIP) 
VALUES('Zoe Adams','F','1992-02-16','555-666-4444','2121 Willow Grove St','Boston','MA','02108') 
INSERT INTO Person ([Name],Gender,DateOfBirth,Contact,StreetAddress,City, [State], ZIP) 
VALUES('Nathan Baker','M','1984-10-05','555-444-7777','2222 Rosewood Ave','Boston','MA','02108') 
INSERT INTO Person ([Name],Gender,DateOfBirth,Contact,StreetAddress,City, [State], ZIP) 
VALUES('Ella Sanchez','F','1989-01-30','555-333-1111','2323 Clover St','Boston','MA','02108') 
INSERT INTO Person ([Name],Gender,DateOfBirth,Contact,StreetAddress,City, [State], ZIP) 
VALUES('Jack Cooper','M','1985-06-15','555-111-3333','2424 Violet Ave','Boston','MA','02108') 
INSERT INTO Person ([Name],Gender,DateOfBirth,Contact,StreetAddress,City, [State], ZIP) 
VALUES('Lily Turner','F','1991-07-09','555-777-4444','2525 Cherry Blossom 
Ln','Boston','MA','02108') 
INSERT INTO Person ([Name],Gender,DateOfBirth,Contact,StreetAddress,City, [State], ZIP) 
VALUES('Samuel Phillips','M','1978-03-03','555-222-5555','2626 Aspen Way','Boston','MA','02108') 
INSERT INTO Person ([Name],Gender,DateOfBirth,Contact,StreetAddress,City, [State], ZIP) 
VALUES('Mia Hughes','F','1995-12-25','555-999-8888','2727 Maple Leaf Dr','Boston','MA','02108');

INSERT INTO Person (Name, Gender, DateOfBirth, Contact, StreetAddress, City, State, ZIP) VALUES 
('John Smith', 'M', '1985-07-15', '6175550101', '123 Main St', 'Boston', 'MA', '02101'), 
('Emma Johnson', 'F', '1990-11-22', '6175550102', '456 Elm St', 'Boston', 'MA', '02102'), 
('Michael Williams', 'M', '1978-03-30', '6175550103', '789 Maple Ave', 'Boston', 'MA', '02103'), 
('Olivia Brown', 'F', '1982-05-18', '6175550104', '321 Oak St', 'Boston', 'MA', '02104'), 
('Liam Jones', 'M', '1995-02-25', '6175550105', '654 Pine St', 'Boston', 'MA', '02105'), 
('Sophia Garcia', 'F', '1989-08-09', '6175550106', '987 Cedar Blvd', 'Boston', 'MA', '02106'), 
('James Martinez', 'M', '1976-01-14', '6175550107', '123 Chestnut Rd', 'Boston', 'MA', '02107'), 
('Isabella Rodriguez', 'F', '1984-04-03', '6175550108', '456 Birch Ln', 'Boston', 'MA', '02108'), 
('William Anderson', 'M', '1992-06-21', '6175550109', '789 Spruce Dr', 'Boston', 'MA', '02109'), 
('Mia Thomas', 'F', '1981-12-17', '6175550110', '321 Willow Way', 'Boston', 'MA', '02110'), 
('Benjamin Moore', 'M', '1993-10-01', '6175550111', '654 Ash St', 'Boston', 'MA', '02111'), 
('Charlotte Taylor', 'F', '1977-09-05', '6175550112', '987 Redwood Ave', 'Boston', 'MA', 
'02112'), 
('Lucas Lee', 'M', '1986-08-11', '6175550113', '123 Sycamore St', 'Boston', 'MA', '02113'), 
('Amelia Harris', 'F', '1991-03-29', '6175550114', '456 Fir St', 'Boston', 'MA', '02114'), 
('Henry Clark', 'M', '1983-07-04', '6175550115', '789 Alder Dr', 'Boston', 'MA', '02115'), 
('Grace Walker', 'F', '1980-11-30', '6175550116', '321 Poplar Ave', 'Boston', 'MA', '02116'), 
('Jack Hall', 'M', '1979-05-20', '6175550117', '654 Cherry Blvd', 'Boston', 'MA', '02117'), 
('Ava Young', 'F', '1996-06-15', '6175550118', '987 Magnolia Dr', 'Boston', 'MA', '02118'), 
('Daniel Hernandez', 'M', '1988-01-28', '6175550119', '123 Walnut St', 'Boston', 'MA', '02119'), 
('Evelyn King', 'F', '1994-04-10', '6175550120', '456 Redwood Ln', 'Boston', 'MA', '02120'), 
('Samuel Wright', 'M', '1982-02-14', '6175550121', '789 Sequoia Ave', 'Boston', 'MA', '02121'), 
('Harper Lopez', 'F', '1975-09-07', '6175550122', '321 Beech St', 'Boston', 'MA', '02122'), 
('Joseph Hill', 'M', '1987-10-19', '6175550123', '654 Dogwood Rd', 'Boston', 'MA', '02123'), 
('Emily Scott', 'F', '1990-12-01', '6175550124', '987 Maple Way', 'Boston', 'MA', '02124'), 
('David Green', 'M', '1985-06-22', '6175550125', '123 Magnolia Blvd', 'Boston', 'MA', '02125'), 
('Zoey Baker', 'F', '1995-09-13', '6175550126', '456 Cedar Dr', 'Boston', 'MA', '02126'), 
('Logan Gonzalez', 'M', '1983-03-03', '6175550127', '789 Hickory Ln', 'Boston', 'MA', '02127'), 
('Elizabeth Perez', 'F', '1989-11-24', '6175550128', '321 Palm Ave', 'Boston', 'MA', '02128'), 
('Alexander Adams', 'M', '1978-08-06', '6175550129', '654 Olive Way', 'Boston', 'MA', '02129'), 
('Ella Mitchell', 'F', '1991-02-11', '6175550130', '987 Laurel St', 'Boston', 'MA', '02130'); -- Insert values in the Police table  

INSERT INTO Police (PoliceID, BadgeNumber, YearsOfService, Department) VALUES 
(1, 1001, 10, 'Homicide'), 
(2, 1002, 8, 'Narcotics'), 
(3, 1003, 12, 'Cyber Crimes'), 
(4, 1004, 15, 'Vice'), 
(5, 1005, 7, 'Forensics'), 
(6, 1006, 11, 'Traffic'), 
(7, 1007, 5, 'Patrol'), 
(8, 1008, 9, 'Homicide'), 
(9, 1009, 14, 'Narcotics'), 
(10, 1010, 6, 'Cyber Crimes'), 
(11, 1011, 20, 'Vice'), 
(12, 1012, 13, 'Forensics'), 
(13, 1013, 8, 'Traffic'), 
(14, 1014, 4, 'Patrol'), 
(15, 1015, 10, 'Homicide'); 

INSERT INTO Location (Street, City, State, ZIP, [Surveillance?]) VALUES 
('123 Main St', 'Boston', 'MA', '02101', 1), 
('456 Elm St', 'Boston', 'MA', '02102', 0), 
('789 Maple Ave', 'Boston', 'MA', '02103', 1), 
('321 Oak St', 'Boston', 'MA', '02104', 0), 
('654 Pine St', 'Boston', 'MA', '02105', 1), 
('987 Cedar Blvd', 'Boston', 'MA', '02106', 0), 
('123 Chestnut Rd', 'Boston', 'MA', '02107', 1), 
('456 Birch Ln', 'Boston', 'MA', '02108', 1), 
('789 Spruce Dr', 'Boston', 'MA', '02109', 0), 
('321 Willow Way', 'Boston', 'MA', '02110', 1), 
('654 Ash St', 'Boston', 'MA', '02111', 0), 
('987 Redwood Ave', 'Boston', 'MA', '02112', 1), 
('123 Sycamore St', 'Boston', 'MA', '02113', 0), 
('456 Fir St', 'Boston', 'MA', '02114', 1), 
('789 Alder Dr', 'Boston', 'MA', '02115', 1), 
('321 Poplar Ave', 'Boston', 'MA', '02116', 0), 
('654 Cherry Blvd', 'Boston', 'MA', '02117', 1), 
('987 Magnolia Dr', 'Boston', 'MA', '02118', 0), 
('123 Walnut St', 'Boston', 'MA', '02119', 1), 
('456 Redwood Ln', 'Boston', 'MA', '02120', 1); -- Insert data in the Property table 

INSERT INTO Property (PropertyType, [Description], EstimatedValue) VALUES 
('Electronics', 'Smartphone - iPhone 13, black color, 128GB', 800), 
('Jewelry', 'Gold necklace with pendant', 1200), 
('Electronics', 'Laptop - Dell XPS 13, silver color', 1500), 
('Cash', 'Wallet with $200 in cash', 200), 
('Electronics', 'Smartwatch - Apple Watch Series 7, black', 400), 
('Jewelry', 'Diamond engagement ring', 5000), 
('Personal Item', 'Designer handbag - Louis Vuitton, brown', 2500), 
('Electronics', 'Tablet - iPad Air, silver color, 64GB', 600), 
('Vehicle', 'Bicycle - Trek mountain bike, red', 700), 
('Personal Item', 'Leather wallet with credit cards', 50), 
('Jewelry', 'Silver bracelet', 300), 
('Electronics', 'Headphones - Bose QuietComfort 35, black', 300), 
('Personal Item', 'Passport in leather case', 100), 
('Vehicle', 'Motorcycle helmet - black, full-face', 150), 
('Electronics', 'Camera - Canon EOS Rebel T7, black', 400), 
('Cash', 'Envelope containing $500 in cash', 500), 
('Jewelry', 'Gold watch with leather band', 800), 
('Personal Item', 'Sunglasses - Ray-Ban Aviator, black', 150), 
('Electronics', 'Gaming console - PlayStation 5, white', 500), 
('Personal Item', 'Set of keys with keychain', 20); -- Insert data in the Event table 
INSERT INTO Event (EventType, DateTime, Description, Severity, LocationID, PoliceID) VALUES 
('Burglary', '2024-10-10 22:15:00', 'Residential break-in at night', 'High', 1, 1), 
('Theft', '2024-10-11 15:30:00', 'Shoplifting incident at retail store', 'Medium', 2, 2), 
('Burglary', '2024-10-12 02:45:00', 'Office break-in with stolen laptops', 'High', 3, 3), 
('Theft', '2024-10-13 08:00:00', 'Vehicle theft from parking lot', 'Medium', 4, 4), 
('Burglary', '2024-10-14 23:30:00', 'Forced entry into a private home', 'High', 5, 5), 
('Theft', '2024-10-15 14:10:00', 'Pickpocketing at subway station', 'Low', 6, 6), 
('Burglary', '2024-10-16 03:00:00', 'Break-in at storage warehouse', 'Medium', 7, 7), 
('Theft', '2024-10-17 17:45:00', 'Shoplifting at electronics store', 'Medium', 8, 8), 
('Burglary', '2024-10-18 01:20:00', 'Forced entry at apartment complex', 'High', 9, 9), 
('Theft', '2024-10-19 20:45:00', 'Bicycle theft from public park', 'Low', 10, 10), 
('Burglary', '2024-10-20 22:10:00', 'Residential break-in with valuables stolen', 'High', 11, 
11), 
('Theft', '2024-10-21 16:30:00', 'Wallet stolen from coffee shop', 'Low', 12, 12), 
('Burglary', '2024-10-22 03:35:00', 'Office building break-in, documents missing', 'Medium', 13, 
13), 
('Theft', '2024-10-23 11:50:00', 'Purse snatching in busy marketplace', 'Medium', 14, 14), 
('Burglary', '2024-10-24 20:20:00', 'Business office break-in with cash stolen', 'High', 15, 15), 
('Theft', '2024-10-25 08:10:00', 'Mobile phone theft on city bus', 'Low', 16, 1), 
('Burglary', '2024-10-26 23:10:00', 'Break-in at vacation rental', 'Medium', 17, 2), 
('Theft', '2024-10-27 13:30:00', 'Shoplifting incident at supermarket', 'Low', 18, 3), 
('Burglary', '2024-10-28 03:50:00', 'Garage break-in with tools stolen', 'Medium', 19, 4), 
('Theft', '2024-10-29 18:30:00', 'Wallet theft at restaurant', 'Low', 20, 5),
('Burglary', '2024-10-30 22:45:00', 'Break-in at local bank, cash stolen', 'High', 1, 6), 
('Theft', '2024-10-31 14:25:00', 'Theft of equipment from construction site', 'Medium', 2, 7), 
('Burglary', '2024-11-01 02:30:00', 'Residential break-in, electronics stolen', 'High', 3, 8), 
('Theft', '2024-11-02 18:00:00', 'Shoplifting at clothing store', 'Low', 4, 9), 
('Burglary', '2024-11-03 23:15:00', 'Hotel room break-in, valuables taken', 'High', 5, 10), 
('Theft', '2024-11-04 12:50:00', 'Stealing of bicycles at park', 'Low', 6, 11), 
('Burglary', '2024-11-05 03:10:00', 'Break-in at electronics store, laptops stolen', 'High', 7, 
12), 
('Theft', '2024-11-06 08:20:00', 'Snatching of handbag in downtown area', 'Medium', 8, 13), 
('Burglary', '2024-11-07 04:30:00', 'Break-in at car dealership, keys taken', 'Medium', 9, 14), 
('Theft', '2024-11-08 20:10:00', 'Wallet stolen from crowded train station', 'Low', 10, 15), 
('Burglary', '2024-11-09 21:55:00', 'Apartment break-in, television stolen', 'High', 11, 1), 
('Theft', '2024-11-10 17:35:00', 'Shoplifting at grocery store', 'Medium', 12, 2), 
('Burglary', '2024-11-11 23:25:00', 'Warehouse break-in, inventory stolen', 'High', 13, 3), 
('Theft', '2024-11-12 14:15:00', 'Theft from public transportation system', 'Low', 14, 4), 
('Burglary', '2024-11-13 02:10:00', 'Residential break-in with jewelry stolen', 'High', 15, 5), 
('Theft', '2024-11-14 12:45:00', 'Thief steals purse from elderly woman', 'Medium', 16, 6), 
('Burglary', '2024-11-15 03:05:00', 'Office building break-in, sensitive documents taken', 
'High', 17, 7), 
('Theft', '2024-11-16 10:25:00', 'Pickpocketing at concert', 'Low', 18, 8), 
('Burglary', '2024-11-17 01:50:00', 'Break-in at storage unit, tools taken', 'Medium', 19, 9), 
('Theft', '2024-11-18 19:30:00', 'Stolen wallet at busy mall', 'Low', 20, 10), 
('Burglary', '2024-11-19 22:55:00', 'Break-in at luxury apartment complex', 'High', 1, 11), 
('Theft', '2024-11-20 16:40:00', 'Shoplifting at pharmacy', 'Medium', 2, 12), 
('Burglary', '2024-11-21 03:25:00', 'Store break-in with cash and electronics taken', 'High', 3, 
13), 
('Theft', '2024-11-22 18:50:00', 'Stolen purse in busy restaurant', 'Low', 4, 14), 
('Burglary', '2024-11-23 00:30:00', 'Business office break-in, equipment stolen', 'High', 5, 15), 
('Theft', '2024-11-24 13:10:00', 'Pickpocketing at shopping mall', 'Medium', 6, 1), 
('Burglary', '2024-11-25 02:45:00', 'Break-in at research facility', 'High', 7, 2), 
('Theft', '2024-11-26 17:00:00', 'Bicycle theft from residential neighborhood', 'Low', 8, 3), 
('Burglary', '2024-11-27 23:30:00', 'Breaking and entering at university dorm', 'Medium', 9, 4), 
('Theft', '2024-11-28 10:15:00', 'Wallet stolen from grocery store', 'Low', 10, 5), 
('Burglary', '2024-11-29 01:00:00', 'Hotel room break-in, valuables missing', 'High', 11, 6), 
('Theft', '2024-11-30 14:35:00', 'Stolen items from vehicle', 'Medium', 12, 7), 
('Burglary', '2024-12-01 23:10:00', 'Office break-in, electronics stolen', 'High', 13, 8), 
('Theft', '2024-12-02 08:55:00', 'Pickpocketing on public transportation', 'Low', 14, 9), 
('Burglary', '2024-12-03 04:20:00', 'Break-in at restaurant, cash taken', 'High', 15, 10), 
('Theft', '2024-12-04 12:40:00', 'Wallet stolen from hotel lobby', 'Low', 16, 11), 
('Burglary', '2024-12-05 23:50:00', 'Break-in at business complex, electronics stolen', 'High', 
17, 12), 
('Theft', '2024-12-06 17:25:00', 'Stolen wallet at concert hall', 'Medium', 18, 13), 
('Burglary', '2024-12-07 02:55:00', 'Apartment break-in, jewelry taken', 'High', 19, 14), 
('Theft', '2024-12-08 13:15:00', 'Theft from office building', 'Low', 20, 1); -- Insert data in the Burglary table 
INSERT INTO Burglary (BurglaryEventID, BurglaryType, EstimatedLoss, IsSecurityCompromised) VALUES 
(1, 'Residential Break-In', 5000, 'Y'), 
(3, 'Office Break-In', 12000, 'Y'), 
(5, 'Home Burglary', 8000, 'N'), 
(7, 'Storage Unit Break-In', 4000, 'N'), 
(9, 'Apartment Break-In', 3000, 'Y'), 
(11, 'Residential Burglary', 7000, 'Y'), 
(13, 'Office Building Break-In', 15000, 'Y'), 
(15, 'Business Office Burglary', 20000, 'N'), 
(17, 'Vacation Rental Burglary', 2500, 'Y'), 
(19, 'Garage Break-In', 500, 'N'), 
(21, 'Bank Burglary', 10000, 'Y'), 
(23, 'Electronics Store Burglary', 7000, 'N'), 
(25, 'Hotel Room Burglary', 12000, 'Y'), 
(27, 'Electronics Store Break-In', 6000, 'N'), 
(29, 'Car Dealership Burglary', 20000, 'Y'), 
(31, 'Apartment Complex Break-In', 5000, 'N'), 
(33, 'Warehouse Burglary', 10000, 'Y'), 
(35, 'Residential Burglary', 9000, 'Y'), 
(37, 'Business Office Break-In', 13000, 'N'), 
(39, 'Storage Facility Burglary', 3000, 'Y'), 
(41, 'Hotel Suite Burglary', 8000, 'Y'), 
(43, 'Corporate Building Burglary', 15000, 'N'), 
(45, 'Apartment Complex Burglary', 6000, 'Y'), 
(47, 'Retail Store Burglary', 7000, 'Y'), 
(49, 'Warehouse Break-In', 15000, 'N'), 
(51, 'Luxury Home Burglary', 11000, 'Y'), 
(53, 'Business Office Break-In', 18000, 'N'), 
(55, 'Hotel Suite Burglary', 9000, 'Y'), 
(57, 'Office Building Break-In', 20000, 'Y'), 
(59, 'Vacation Home Burglary', 4000, 'N') -- Insert data in the Theft table 
INSERT INTO Theft (TheftEventID, TheftType, EstimatedLoss, MethodOfTheft, ItemStolen, IsReported) 
VALUES 
(2, 'Shoplifting', 200, 'Concealment', 'Clothing', 'Y'), 
(4, 'Vehicle Theft', 15000, 'Key Duplication', 'Car', 'Y'), 
(6, 'Pickpocketing', 100, 'Distraction', 'Wallet', 'N'), 
(8, 'Shoplifting', 1200, 'Concealment', 'Electronics', 'Y'), 
(10, 'Bicycle Theft', 400, 'Snatching', 'Bicycle', 'N'), 
(12, 'Wallet Theft', 50, 'Pickpocketing', 'Wallet', 'Y'), 
(14, 'Purse Snatching', 300, 'Snatching', 'Purse', 'Y'), 
(16, 'Mobile Phone Theft', 500, 'Snatching', 'Mobile Phone', 'N'), 
(18, 'Shoplifting', 800, 'Concealment', 'Food Items', 'Y'), 
(20, 'Wallet Theft', 100, 'Pickpocketing', 'Wallet', 'Y'), 
(22, 'Theft from Vehicle', 1500, 'Breaking Window', 'Radio', 'Y'), 
(24, 'Shoplifting', 600, 'Concealment', 'Cosmetics', 'Y'), 
(26, 'Pickpocketing', 150, 'Distraction', 'Wallet', 'N'), 
(28, 'Purse Snatching', 350, 'Snatching', 'Purse', 'Y'), 
(30, 'Wallet Theft', 120, 'Pickpocketing', 'Wallet', 'N'), 
(32, 'Shoplifting', 250, 'Concealment', 'Jewelry', 'Y'), 
(34, 'Bicycle Theft', 500, 'Snatching', 'Bicycle', 'Y'), 
(36, 'Pickpocketing', 80, 'Distraction', 'Phone', 'N'), 
(38, 'Shoplifting', 900, 'Concealment', 'Tools', 'Y'), 
(40, 'Theft from Vehicle', 2000, 'Breaking Window', 'Tools', 'Y'), 
(42, 'Wallet Theft', 75, 'Pickpocketing', 'Wallet', 'Y'), 
(44, 'Mobile Phone Theft', 400, 'Snatching', 'Mobile Phone', 'Y'), 
(46, 'Shoplifting', 700, 'Concealment', 'Alcohol', 'Y'), 
(48, 'Bicycle Theft', 250, 'Snatching', 'Bicycle', 'N'), 
(50, 'Wallet Theft', 200, 'Pickpocketing', 'Wallet', 'Y'), 
(52, 'Shoplifting', 600, 'Concealment', 'Electronics', 'Y'), 
(54, 'Purse Snatching', 500, 'Snatching', 'Purse', 'Y'), 
(56, 'Pickpocketing', 120, 'Distraction', 'Credit Card', 'N'), 
(58, 'Wallet Theft', 75, 'Pickpocketing', 'Wallet', 'Y'), 
(60, 'Shoplifting', 800, 'Concealment', 'Clothing', 'N'); -- Insert data in the Investigation table 
INSERT INTO Investigation (RelatedEventID, StartDate, EndDate, InvestigationStatus, 
IsEvidenceCollected, [#SuspectsIdentified], Findings, ResolutionStatus) VALUES 
(1, '2024-10-11', '2024-10-15', 'Closed', 'Y', 2, 'Fingerprints and DNA evidence found', 
'Resolved'), 
(2, '2024-10-12', '2024-10-18', 'Closed', 'Y', 1, 'CCTV footage identified suspect', 'Resolved'), 
(3, '2024-10-13', '2024-10-20', 'Closed', 'Y', 3, 'Stolen items recovered from suspect 
residence', 'Resolved'), 
(4, '2024-10-14', '2024-10-19', 'Closed', 'N', 1, 'No substantial evidence', 'Unresolved'), 
(5, '2024-10-15', '2024-10-21', 'Closed', 'Y', 2, 'Fingerprints matched potential suspect', 
'Resolved'), 
(5, '2024-10-23', NULL, 'Ongoing', 'N', 1, 'Additional witness found, follow-up in progress', 
'Pending'), 
(6, '2024-10-16', '2024-10-20', 'Closed', 'Y', 1, 'Witness testimony confirmed suspect', 
'Resolved'), 
(7, '2024-10-17', '2024-10-22', 'Closed', 'N', 0, 'Investigation inconclusive', 'Unresolved'), 
(7, '2024-10-24', NULL, 'Ongoing', 'Y', 1, 'New evidence under review', 'Pending'), 
(8, '2024-10-18', '2024-10-24', 'Closed', 'Y', 2, 'Multiple suspects involved', 'Resolved'), 
(9, '2024-10-19', '2024-10-29', 'Closed', 'N', 0, 'Minimal evidence collected', 'Unresolved'), 
(10, '2024-10-20', '2024-10-25', 'Closed', 'Y', 1, 'Suspect admitted guilt', 'Resolved'), 
(11, '2024-10-21', '2024-10-28', 'Closed', 'Y', 3, 'Valuables recovered', 'Resolved'), 
(12, '2024-10-22', '2024-10-25', 'Closed', 'N', 0, 'Insufficient evidence', 'Unresolved'), 
(13, '2024-10-23', '2024-10-30', 'Closed', 'Y', 1, 'One potential suspect under surveillance', 
'Resolved'), 
(13, '2024-11-01', NULL, 'Ongoing', 'N', 1, 'Reviewing additional reports', 'Pending'), 
(14, '2024-10-24', '2024-10-27', 'Closed', 'Y', 2, 'Suspects identified from witness reports', 
'Resolved'), 
(15, '2024-10-25', '2024-10-31', 'Closed', 'N', 1, 'Case awaiting additional resources', 
'Unresolved'), 
(15, '2024-11-02', NULL, 'Ongoing', 'Y', 2, 'Additional evidence found', 'Pending'), 
(16, '2024-10-26', '2024-10-30', 'Closed', 'Y', 2, 'Stolen item found', 'Resolved'), 
(17, '2024-10-27', '2024-11-01', 'Closed', 'N', 0, 'Preliminary investigation completed', 
'Unresolved'), 
(17, '2024-11-03', NULL, 'Ongoing', 'Y', 1, 'Additional suspects identified', 'Pending'), 
(18, '2024-10-28', '2024-11-03', 'Closed', 'Y', 1, 'Suspect apprehended', 'Resolved'), 
(19, '2024-10-29', '2024-11-04', 'Closed', 'N', 0, 'Case closed due to lack of evidence', 
'Unresolved'), 
(20, '2024-10-30', '2024-11-06', 'Closed', 'Y', 1, 'Confession obtained from suspect', 
'Resolved'), 
(21, '2024-11-01', NULL, 'Ongoing', 'Y', 2, 'Evidence under analysis', 'Pending'), 
(22, '2024-11-02', '2024-11-09', 'Closed', 'Y', 1, 'Witnesses confirmed suspect identity', 
'Resolved'), 
(23, '2024-11-03', '2024-11-10', 'Closed', 'N', 0, 'Lack of leads', 'Unresolved'), 
(24, '2024-11-04', '2024-11-10', 'Closed', 'Y', 1, 'Suspect identified from CCTV footage', 
'Resolved'), 
(25, '2024-11-05', '2024-11-10', 'Closed', 'Y', 1, 'Follow-up identified suspect', 'Resolved'), 
(25, '2024-11-12', NULL, 'Ongoing', 'Y', 1, 'Suspect at large, continuing search', 'Pending'), 
(26, '2024-11-06', '2024-11-13', 'Closed', 'N', 0, 'Investigation terminated', 'Unresolved'), 
(27, '2024-11-07', '2024-11-15', 'Closed', 'Y', 2, 'Collaborated with regional team', 
'Resolved'), 
(27, '2024-11-18', NULL, 'Ongoing', 'Y', 1, 'New findings under review', 'Pending'), 
(28, '2024-11-08', '2024-11-15', 'Closed', 'Y', 1, 'Stolen goods located', 'Resolved'), 
(29, '2024-11-09', '2024-11-17', 'Closed', 'N', 0, 'Evidence not substantial', 'Unresolved'), 
(30, '2024-11-10', '2024-11-17', 'Closed', 'Y', 3, 'Investigation led to arrests', 'Resolved'), 
(31, '2024-11-12', NULL, 'Ongoing', 'Y', 0, 'Under review with specialized team', 'Pending'), 
(32, '2024-10-11', '2024-10-14', 'Closed', 'Y', 2, 'Surveillance footage analyzed', 'Resolved'), 
(32, '2024-10-16', NULL, 'Ongoing', 'N', 1, 'Following up on new reports', 'Pending'), 
(33, '2024-10-13', '2024-10-22', 'Closed', 'N', 1, 'Evidence insufficient for arrest', 
'Unresolved'), 
(34, '2024-10-15', '2024-10-21', 'Closed', 'Y', 1, 'Eyewitness statements corroborate', 
'Resolved'), 
(35, '2024-10-16', '2024-10-23', 'Closed', 'N', 0, 'No physical evidence available', 
'Unresolved'), 
(36, '2024-10-18', NULL, 'Ongoing', 'Y', 1, 'Undercover work in progress', 'Pending'), 
(37, '2024-10-19', '2024-10-29', 'Closed', 'Y', 3, 'Multiple suspects confessed', 'Resolved'), 
(37, '2024-10-31', NULL, 'Ongoing', 'Y', 2, 'Expanded search based on confessions', 'Pending'), 
(38, '2024-10-20', NULL, 'Ongoing', 'Y', 2, 'Forensics lab results pending', 'Pending'), 
(39, '2024-10-21', '2024-10-27', 'Closed', 'Y', 1, 'Partial recovery of stolen items', 
'Resolved'), 
(40, '2024-10-22', '2024-10-28', 'Closed', 'N', 0, 'Case closed without further leads', 
'Unresolved'), 
(41, '2024-10-23', '2024-10-30', 'Closed', 'Y', 2, 'New evidence submitted', 'Resolved'), 
(41, '2024-11-01', NULL, 'Ongoing', 'Y', 1, 'Examining possible connections', 'Pending'), 
(42, '2024-10-25', '2024-11-03', 'Closed', 'Y', 1, 'Collaborated with regional police', 
'Resolved'), 
(43, '2024-10-26', '2024-11-04', 'Closed', 'N', 1, 'Witness reports unverified', 'Unresolved'), 
(43, '2024-11-06', NULL, 'Ongoing', 'Y', 1, 'Interviewing new witnesses', 'Pending'), 
(44, '2024-10-27', '2024-11-05', 'Closed', 'Y', 2, 'Strong evidence collected', 'Resolved'), 
(45, '2024-10-28', NULL, 'Ongoing', 'Y', 0, 'Case moved to specialized unit', 'Pending'), 
(46, '2024-10-30', '2024-11-07', 'Closed', 'N', 0, 'Insufficient grounds for arrest', 
'Unresolved'), 
(47, '2024-11-01', NULL, 'Ongoing', 'Y', 1, 'Analyzing suspect background', 'Pending'), 
(48, '2024-11-02', '2024-11-08', 'Closed', 'Y', 2, 'Evidence aligned with suspect profile', 
'Resolved'), 
(49, '2024-11-03', NULL, 'Ongoing', 'Y', 1, 'Lead detective assigned', 'Pending'), 
(50, '2024-11-04', NULL, 'Ongoing', 'Y', 1, 'Awaiting forensic analysis', 'Pending'), 
(51, '2024-10-10', '2024-10-15', 'Closed', 'Y', 1, 'Suspect apprehended through tips', 
'Resolved'), 
(52, '2024-10-11', '2024-10-17', 'Closed', 'N', 0, 'No leads found', 'Unresolved'), 
(53, '2024-10-12', '2024-10-18', 'Closed', 'Y', 2, 'Witnesses identified suspect vehicle', 
'Resolved'), 
(53, '2024-10-20', NULL, 'Ongoing', 'Y', 1, 'Further investigation underway', 'Pending'), 
(54, '2024-10-13', '2024-10-19', 'Closed', 'Y', 1, 'CCTV confirmed primary suspect', 'Resolved'), 
(55, '2024-10-14', '2024-10-21', 'Closed', 'N', 0, 'No sufficient evidence', 'Unresolved'), 
(55, '2024-10-23', NULL, 'Ongoing', 'Y', 2, 'New suspects identified', 'Pending'), 
(56, '2024-10-15', '2024-10-22', 'Closed', 'Y', 3, 'Collaborated with neighboring jurisdiction', 
'Resolved'), 
(57, '2024-10-16', '2024-10-23', 'Closed', 'N', 1, 'Suspect fled the area', 'Unresolved'), 
(58, '2024-10-17', '2024-10-25', 'Closed', 'Y', 1, 'DNA evidence linked suspect', 'Resolved'), 
(59, '2024-10-18', '2024-10-27', 'Closed', 'Y', 2, 'Partial confession obtained', 'Resolved'), 
(60, '2024-10-19', NULL, 'Ongoing', 'N', 1, 'Further surveillance in progress', 'Pending'), 
(51, '2024-10-20', '2024-10-25', 'Closed', 'Y', 2, 'Stolen items found in suspect possession', 
'Resolved'), 
(52, '2024-10-21', NULL, 'Ongoing', 'N', 0, 'Reviewing additional evidence', 'Pending'), 
(53, '2024-10-22', '2024-10-28', 'Closed', 'Y', 1, 'Witnesses confirmed suspicions', 'Resolved'), 
(54, '2024-10-23', '2024-10-30', 'Closed', 'N', 0, 'Investigation inconclusive', 'Unresolved'), 
(55, '2024-10-24', NULL, 'Ongoing', 'Y', 1, 'Suspect under observation', 'Pending'), 
(56, '2024-10-25', '2024-11-01', 'Closed', 'Y', 3, 'Joint investigation with neighboring region', 
'Resolved'), 
(57, '2024-10-26', '2024-11-02', 'Closed', 'N', 0, 'Case closed due to lack of evidence', 
'Unresolved'), 
(58, '2024-10-27', NULL, 'Ongoing', 'Y', 1, 'Evidence from new witness under analysis', 
'Pending'), 
(59, '2024-10-28', '2024-11-05', 'Closed', 'Y', 1, 'Recovered stolen goods', 'Resolved'), 
(60, '2024-10-29', NULL, 'Ongoing', 'Y', 0, 'Forensics examining new leads', 'Pending'); -- Insert data in the Victim table 
INSERT INTO Victim (VictimID, VictimType, EmergencyContact, VulnerabilityStatus) 
VALUES 
(16, 'Disabled', '555-0342', 'High'), 
(17, 'Veteran', '555-0764', 'Medium'), 
(18, 'Pregnant', '555-0298', 'High'), 
(19, 'SeniorCitizen', '555-1195', 'Low'), 
(20, 'Disabled', '555-1890', 'Medium'), 
(21, 'Veteran', '555-1348', 'Low'), 
(22, 'Pregnant', '555-2715', 'High'), 
(23, 'SubstanceAbuser', '555-3257', 'Critical'), 
(24, 'SeniorCitizen', '555-4186', 'Medium'), 
(25, 'SubstanceAbuser', '555-5139', 'High'), 
(26, 'Disabled', '555-6278', 'Moderate'), 
(27, 'Veteran', '555-7159', 'Stable'), 
(28, 'SeniorCitizen', '555-8041', 'Low'), 
(29, 'Pregnant', '555-9123', 'Medium'), 
(30, 'Veteran', '555-1002', 'Low'); -- Insert data in the Witness table 
INSERT INTO Witness (WitnessID, Testimony, DateOfTestimony, StatementType) 
VALUES 
(31, 'I saw the suspect leaving the scene late at night.', '2024-11-01', 'Eyewitness'), 
(32, 'I heard the argument between the victim and the suspect before the incident occurred.', 
'2024-11-02', 'Heard'), 
(33, 'The suspect was wearing a red jacket when I saw them running away from the scene.', 
'2024-11-03', 'Eyewitness'), 
(34, 'I found the victim’s wallet in the alley near the incident location.', '2024-11-04', 
'Physical Evidence'), 
(35, 'I saw the victim talking to the suspect earlier in the day, near the park.', '2024-11-05', 
'Eyewitness'), 
(36, 'The suspect was acting suspiciously, constantly looking around as if they were waiting for 
someone.', '2024-11-06', 'Behavioral Observation'), 
(37, 'I recognized the suspect’s voice from a previous encounter.', '2024-11-07', 'Heard'), 
(38, 'I saw a car parked near the scene with its lights on, which looked out of place.', 
'2024-11-08', 'Eyewitness'), 
(39, 'The suspect left in a blue sedan shortly after the incident occurred.', '2024-11-09', 
'Eyewitness'), 
(40, 'I overheard the suspect talking about the incident with someone else later that day.', 
'2024-11-10', 'Heard'), 
(41, 'I witnessed the suspect approaching the victim just before the altercation happened.', 
'2024-11-11', 'Eyewitness'), 
(42, 'The victim seemed frightened when they first spoke to me after the incident.', 
'2024-11-12', 'Behavioral Observation'), 
(43, 'I found a piece of jewelry near the crime scene that could belong to the suspect.', 
'2024-11-13', 'Physical Evidence'), 
(44, 'I saw the victim running away from the scene after the altercation with the suspect.', 
'2024-11-14', 'Eyewitness'), 
(45, 'I overheard a conversation where the suspect confessed to the crime.', '2024-11-15', 
'Heard'); -- Insert data in the Suspect table 
INSERT INTO Suspect (SuspectID, SuspectStatus, ArrestDate, LastKnownLocation, PriorConvictions, 
Height, [Weight], EyeColor) 
VALUES 
(46, 'In Custody', '2024-10-12', '123 Maple St, Springfield', 1, 6.1, 180.5, 'Brown'), 
(47, 'At Large', NULL, '456 Elm St, Riverdale', 0, 5.9, 165.2, 'Blue'), 
(48, 'In Custody', '2024-09-30', '789 Oak Ave, Lincoln', 1, 6.2, 210.3, 'Green'), 
(49, 'Released', '2024-08-15', '321 Pine Rd, Fairfield', 1, 5.8, 155.0, 'Hazel'), 
(50, 'Under Surveillance', NULL, '654 Cedar Ln, Brookfield', 0, 6.0, 175.8, 'Brown'), 
(51, 'At Large', NULL, '987 Willow St, Hilltown', 0, 5.7, 160.4, 'Gray'), 
(52, 'In Custody', '2024-11-02', '213 Birch Blvd, Weston', 1, 6.3, 185.6, 'Blue'), 
(53, 'Released', '2024-07-20', '564 Maple Dr, Springfield', 1, 5.6, 150.2, 'Brown'), 
(54, 'At Large', NULL, '789 Cypress St, Ridgemont', 0, 6.1, 170.1, 'Green'), 
(55, 'Under Surveillance', NULL, '102 Ash St, Willowdale', 1, 5.9, 160.0, 'Brown'), 
(56, 'In Custody', '2024-10-10', '345 Spruce St, Lakeside', 0, 6.4, 220.0, 'Hazel'), 
(57, 'Released', '2024-06-05', '678 Oakwood Ave, Brookfield', 1, 5.5, 140.3, 'Blue'), 
(58, 'At Large', NULL, '910 Sycamore Blvd, Riverview', 0, 5.8, 155.5, 'Gray'), 
(59, 'In Custody', '2024-11-01', '234 Palm St, Greenfield', 1, 6.2, 200.0, 'Brown'), 
(60, 'Under Surveillance', NULL, '456 Maple Ln, Edgewater', 0, 6.0, 165.0, 'Green'); -- Insert data in the Evidence table 
INSERT INTO Evidence (InvestigationID, EvidenceType, CollectionDate, [Description]) VALUES 
(1, 'Fingerprint and DNA Evidence', '2024-10-11', 'Fingerprints and DNA evidence found at the 
scene'), 
(2, 'CCTV Footage', '2024-10-12', 'CCTV footage identified suspect entering the premises'), 
(3, 'Stolen Property', '2024-10-13', 'Recovered stolen items from suspect residence'), 
(4, 'Witness Testimony', '2024-10-14', 'Testimony provided by witnesses but no substantial 
evidence found'), 
(5, 'Fingerprint Analysis', '2024-10-15', 'Fingerprints matched potential suspect from previous 
records'), 
(6, 'Witness Statement', '2024-10-23', 'Additional witness found, follow-up investigation in 
progress'), 
(7, 'Testimony Analysis', '2024-10-16', 'Witness testimony confirmed suspect’s involvement in the 
crime'), 
(8, 'No Evidence', '2024-10-17', 'Investigation inconclusive due to lack of evidence'), 
(9, 'Forensic Evidence', '2024-10-24', 'New evidence under review, currently being analyzed'), 
(10, 'Multiple Suspect Analysis', '2024-10-18', 'Involvement of multiple suspects confirmed 
through investigation'), 
(11, 'Minimal Evidence', '2024-10-19', 'Only minimal evidence was collected, leading to case 
closure'), 
(12, 'Confession', '2024-10-20', 'Suspect admitted guilt, leading to case resolution'), 
(13, 'Recovered Valuables', '2024-10-21', 'Valuables stolen during the burglary were successfully 
recovered'), 
(14, 'Insufficient Evidence', '2024-10-22', 'Case closed due to insufficient evidence to 
prosecute'), 
(15, 'Surveillance', '2024-10-23', 'One potential suspect under surveillance for further 
investigation'), 
(16, 'Follow-Up', '2024-11-01', 'Investigators reviewing additional reports for case 
progression'), 
(17, 'Witness Reports', '2024-10-24', 'Suspects identified from multiple witness reports'), 
(18, 'Resource Constraints', '2024-10-25', 'Case awaits additional resources for completion of 
investigation'), 
(19, 'New Evidence', '2024-11-02', 'Further evidence discovered, currently under examination'), 
(20, 'Stolen Item', '2024-10-26', 'Item reported stolen recovered during the investigation'), 
(21, 'Preliminary Report', '2024-10-27', 'Preliminary investigation completed with inconclusive 
evidence'), 
(22, 'Additional Suspects', '2024-11-03', 'New suspects identified, investigation remains 
ongoing'), 
(23, 'Suspect Apprehension', '2024-10-28', 'Suspect apprehended based on available evidence'), 
(24, 'Lack of Evidence', '2024-10-29', 'Case closed due to lack of conclusive evidence'), 
(25, 'Confession Obtained', '2024-10-30', 'Confession obtained from suspect after 
interrogation'), 
(26, 'Under Analysis', '2024-11-01', 'Forensic evidence under analysis to corroborate 
investigation findings'), 
(27, 'Witness Identity Confirmation', '2024-11-02', 'Witnesses confirmed suspect identity leading 
to case closure'), 
(28, 'No Leads', '2024-11-03', 'Investigation halted due to lack of substantial leads'), 
(29, 'CCTV Footage Analysis', '2024-11-04', 'Suspect identified from CCTV footage collected at 
scene'), 
(30, 'Follow-Up Suspect', '2024-11-05', 'Follow-up investigation identified primary suspect'), 
(31, 'Suspect at Large', '2024-11-12', 'Primary suspect at large, investigation ongoing to locate 
individual'), 
(32, 'Investigation Terminated', '2024-11-06', 'Case terminated due to insufficient evidence for 
further action'), 
(33, 'Regional Collaboration', '2024-11-07', 'Collaboration with regional team contributed to 
case resolution'), 
(34, 'Ongoing Findings Review', '2024-11-18', 'Investigators are currently reviewing new 
findings'), 
(35, 'Recovered Goods', '2024-11-08', 'Stolen goods recovered at suspect’s location'), 
(36, 'Weak Evidence', '2024-11-09', 'Evidence collected was insufficient to press charges'), 
(37, 'Surveillance Video', '2024-11-10', 'Video surveillance captured the suspect at the scene'), 
(38, 'Eyewitness Account', '2024-11-11', 'Eyewitness confirmed seeing the suspect fleeing the 
scene'), 
(39, 'Stolen Property Recovered', '2024-11-12', 'Stolen items were found in the suspect’s 
possession'), 
(40, 'Witness Identification', '2024-11-13', 'Witnesses positively identified the suspect'), 
(41, 'Forensic Analysis', '2024-11-14', 'DNA evidence linked the suspect to the crime'), 
(42, 'Confession Secured', '2024-11-15', 'Suspect confessed to the crime during interrogation'), 
(43, 'Recovered Evidence', '2024-11-16', 'Items stolen during the burglary were recovered'), 
(44, 'Lack of Conclusive Evidence', '2024-11-17', 'Investigation ended due to insufficient 
evidence'), 
(45, 'Testimony of Involvement', '2024-11-18', 'Witnesses testified to seeing the suspect commit 
the crime'), 
(46, 'Initial Reports', '2024-11-19', 'Investigation underway, with initial reports collected'), 
(47, 'Witness Cooperation', '2024-11-20', 'Multiple witnesses provided testimony against the 
suspect'), 
(48, 'Partial Fingerprint', '2024-11-21', 'Partial fingerprint found on stolen items matched 
suspect'), 
(49, 'No Evidence Found', '2024-11-22', 'Investigation was inconclusive due to no physical 
evidence'), 
(50, 'Witness Accounts', '2024-11-23', 'Witnesses reported seeing the suspect near the scene'), 
(51, 'Video Footage Analysis', '2024-11-24', 'Video footage under analysis to identify 
suspects'), 
(52, 'Eyewitness Report', '2024-11-25', 'An eyewitness provided a description matching the 
suspect'), 
(53, 'Recovered Goods', '2024-11-26', 'Items stolen in the burglary were recovered'), 
(54, 'Preliminary Evidence', '2024-11-27', 'Preliminary evidence pointed to a known suspect'), 
(55, 'No Suspect Identified', '2024-11-28', 'Case closed with no suspect identified due to lack 
of evidence'), 
(56, 'Additional Leads', '2024-11-29', 'New leads identified, investigation remains open'), 
(57, 'Forensic Team Report', '2024-11-30', 'Forensic team collected DNA samples at the scene'), 
(58, 'Follow-Up Investigation', '2024-12-01', 'Further investigation ongoing due to new 
evidence'), 
(59, 'Suspect Confession', '2024-12-02', 'Suspect admitted involvement after confrontation with 
evidence'), 
(60, 'Closed Due to Lack of Evidence', '2024-12-03', 'Case closed after thorough investigation 
yielded no evidence'), 
(61, 'Witness Testimony', '2024-11-05', 'Eyewitness provided description matching the suspect'), 
(62, 'Security Footage', '2024-11-06', 'Footage shows suspect in the vicinity before the crime'), 
(63, 'Recovered Item', '2024-11-07', 'Suspect’s belongings found at the scene'), 
(64, 'Fingerprint Analysis', '2024-11-08', 'Partial prints found on broken glass'), 
(65, 'DNA Evidence', '2024-11-09', 'DNA sample matched suspect in national database'), 
(66, 'Photographic Evidence', '2024-11-10', 'Photos of suspect’s vehicle near crime scene'), 
(67, 'Witness Report', '2024-11-11', 'Local shopkeeper recognized suspect from previous 
incident'), 
(68, 'Electronic Device', '2024-11-12', 'Suspect’s phone records show activity near the scene'), 
(69, 'Recovered Item', '2024-11-13', 'Stolen goods found in suspect’s apartment'), 
(70, 'Surveillance Analysis', '2024-11-14', 'Surveillance shows suspect entering the building'), 
(71, 'Witness Testimony', '2024-11-15', 'Victim identified suspect from a lineup'), 
(72, 'Forensic Report', '2024-11-16', 'Lab tests confirm fibers match suspect’s clothing'), 
(73, 'Security Footage', '2024-11-17', 'Footage shows suspect’s car leaving the scene'), 
(74, 'Witness Statement', '2024-11-18', 'Neighbor reported unusual noises around time of 
incident'), 
(75, 'Electronic Evidence', '2024-11-19', 'Suspect’s internet history shows premeditation'), 
(76, 'Recovered Weapon', '2024-11-20', 'Weapon used in the crime found with suspect’s prints'), 
(77, 'Photographic Evidence', '2024-11-21', 'Images captured by a nearby traffic camera'), 
(78, 'Fingerprint Analysis', '2024-11-22', 'Prints on weapon match the suspect'), 
(79, 'DNA Evidence', '2024-11-23', 'Blood sample matches the suspect’s DNA'), 
(80, 'Financial Records', '2024-11-24', 'Bank transactions indicate purchase of stolen item'), 
(81, 'Witness Identification', '2024-11-25', 'Eyewitness identifies suspect with confidence'), 
(82, 'Recovered Item', '2024-11-26', 'Stolen items found in suspect’s vehicle'), 
(83, 'Forensic Evidence', '2024-11-27', 'Footprint analysis links suspect to the scene'); -- Insert data in the Response table 
INSERT INTO Response (EventID, PoliceID, TimeReported, TimeArrived) VALUES 
(1, 1, '2024-10-10 22:20:00', '2024-10-10 22:30:00'), 
(2, 2, '2024-10-11 15:35:00', '2024-10-11 15:50:00'), 
(3, 3, '2024-10-12 02:50:00', '2024-10-12 03:05:00'), 
(4, 4, '2024-10-13 08:05:00', '2024-10-13 08:20:00'), 
(5, 5, '2024-10-14 23:35:00', '2024-10-14 23:45:00'), 
(6, 6, '2024-10-15 14:15:00', '2024-10-15 14:30:00'), 
(7, 7, '2024-10-16 03:05:00', '2024-10-16 03:15:00'), 
(8, 8, '2024-10-17 17:50:00', '2024-10-17 18:05:00'), 
(9, 9, '2024-10-18 01:25:00', '2024-10-18 01:35:00'), 
(10, 10, '2024-10-19 20:50:00', '2024-10-19 21:00:00'), 
(11, 11, '2024-10-20 22:15:00', '2024-10-20 22:25:00'), 
(12, 12, '2024-10-21 16:35:00', '2024-10-21 16:50:00'), 
(13, 13, '2024-10-22 03:40:00', '2024-10-22 03:55:00'), 
(14, 14, '2024-10-23 11:55:00', '2024-10-23 12:10:00'), 
(15, 15, '2024-10-24 20:25:00', '2024-10-24 20:40:00'), 
(16, 1, '2024-10-25 08:15:00', '2024-10-25 08:30:00'), 
(17, 2, '2024-10-26 23:15:00', '2024-10-26 23:30:00'), 
(18, 3, '2024-10-27 13:35:00', '2024-10-27 13:50:00'), 
(19, 4, '2024-10-28 03:55:00', '2024-10-28 04:10:00'), 
(20, 5, '2024-10-29 18:35:00', '2024-10-29 18:50:00'), 
(21, 6, '2024-10-30 22:50:00', '2024-10-30 23:05:00'), 
(22, 7, '2024-10-31 14:30:00', '2024-10-31 14:45:00'), 
(23, 8, '2024-11-01 02:35:00', '2024-11-01 02:50:00'), 
(24, 9, '2024-11-02 18:05:00', '2024-11-02 18:20:00'), 
(25, 10, '2024-11-03 23:20:00', '2024-11-03 23:35:00'), 
(26, 11, '2024-11-04 12:55:00', '2024-11-04 13:10:00'), 
(27, 12, '2024-11-05 03:15:00', '2024-11-05 03:30:00'), 
(28, 13, '2024-11-06 08:25:00', '2024-11-06 08:40:00'), 
(29, 14, '2024-11-07 04:35:00', '2024-11-07 04:50:00'), 
(30, 15, '2024-11-08 20:15:00', '2024-11-08 20:30:00'), 
(31, 1, '2024-11-09 22:00:00', '2024-11-09 22:15:00'), 
(32, 2, '2024-11-10 17:40:00', '2024-11-10 17:55:00'), 
(33, 3, '2024-11-11 23:30:00', '2024-11-11 23:45:00'), 
(34, 4, '2024-11-12 14:20:00', '2024-11-12 14:35:00'), 
(35, 5, '2024-11-13 02:15:00', '2024-11-13 02:30:00'), 
(36, 6, '2024-11-14 12:50:00', '2024-11-14 13:05:00'), 
(37, 7, '2024-11-15 03:10:00', '2024-11-15 03:25:00'), 
(38, 8, '2024-11-16 10:30:00', '2024-11-16 10:45:00'), 
(39, 9, '2024-11-17 01:55:00', '2024-11-17 02:10:00'), 
(40, 10, '2024-11-18 19:35:00', '2024-11-18 19:50:00'), 
(41, 11, '2024-11-19 23:00:00', '2024-11-19 23:15:00'), 
(42, 12, '2024-11-20 16:45:00', '2024-11-20 17:00:00'), 
(43, 13, '2024-11-21 03:30:00', '2024-11-21 03:45:00'), 
(44, 14, '2024-11-22 18:55:00', '2024-11-22 19:10:00'), 
(45, 15, '2024-11-23 00:35:00', '2024-11-23 00:50:00'), 
(46, 1, '2024-11-24 13:15:00', '2024-11-24 13:30:00'), 
(47, 2, '2024-11-25 02:50:00', '2024-11-25 03:05:00'), 
(48, 3, '2024-11-26 17:05:00', '2024-11-26 17:20:00'), 
(49, 4, '2024-11-27 23:35:00', '2024-11-27 23:50:00'), 
(50, 5, '2024-11-28 10:20:00', '2024-11-28 10:35:00'), 
(51, 6, '2024-11-29 01:05:00', '2024-11-29 01:20:00'), 
(52, 7, '2024-11-30 14:40:00', '2024-11-30 14:55:00'), 
(53, 8, '2024-12-01 23:15:00', '2024-12-01 23:30:00'), 
(54, 9, '2024-12-02 09:00:00', '2024-12-02 09:15:00'), 
(55, 10, '2024-12-03 04:25:00', '2024-12-03 04:40:00'), 
(56, 11, '2024-12-04 12:45:00', '2024-12-04 13:00:00'), 
(57, 12, '2024-12-05 23:55:00', '2024-12-06 00:10:00'), 
(58, 13, '2024-12-06 17:30:00', '2024-12-06 17:45:00'), 
(59, 14, '2024-12-07 03:00:00', '2024-12-07 03:15:00'), 
(60, 15, '2024-12-08 13:20:00', '2024-12-08 13:35:00'); -- Insert data in the VictimInvolvement table 
INSERT INTO VictimInvolvement (EventID, VictimID, InjuryLevel) VALUES 
(1, 16, 'Minor Injury'), 
(2, 17, 'No Injury'), 
(3, 18, 'Major Injury'), 
(4, 19, 'Minor Injury'), 
(5, 20, 'Major Injury'), 
(6, 21, 'No Injury'), 
(7, 22, 'Minor Injury'), 
(8, 23, 'No Injury'), 
(9, 24, 'Major Injury'), 
(10, 25, 'No Injury'), 
(11, 26, 'Minor Injury'), 
(12, 27, 'No Injury'), 
(13, 28, 'No Injury'), 
(14, 29, 'Minor Injury'), 
(15, 30, 'Major Injury'), 
(16, 16, 'Minor Injury'), 
(17, 17, 'No Injury'), 
(18, 18, 'No Injury'), 
(19, 19, 'Minor Injury'), 
(20, 20, 'No Injury'), 
(21, 21, 'Major Injury'), 
(22, 22, 'Minor Injury'), 
(23, 23, 'Major Injury'), 
(24, 24, 'No Injury'), 
(25, 25, 'Minor Injury'), 
(26, 26, 'No Injury'), 
(27, 27, 'Major Injury'), 
(28, 28, 'Minor Injury'), 
(29, 29, 'No Injury'), 
(30, 30, 'Major Injury'), 
(31, 16, 'Minor Injury'), 
(32, 17, 'No Injury'), 
(33, 18, 'Major Injury'), 
(34, 19, 'Minor Injury'), 
(35, 20, 'No Injury'), 
(36, 21, 'Major Injury'), 
(37, 22, 'Minor Injury'), 
(38, 23, 'No Injury'), 
(39, 24, 'Minor Injury'), 
(40, 25, 'Major Injury'), 
(41, 26, 'No Injury'), 
(42, 27, 'Minor Injury'), 
(43, 28, 'Major Injury'), 
(44, 29, 'No Injury'), 
(45, 30, 'Minor Injury'), 
(46, 16, 'Major Injury'), 
(47, 17, 'Minor Injury'), 
(48, 18, 'No Injury'), 
(49, 19, 'Major Injury'), 
(50, 20, 'Minor Injury'), 
(51, 21, 'No Injury'), 
(52, 22, 'Major Injury'), 
(53, 23, 'Minor Injury'), 
(54, 24, 'No Injury'), 
(55, 25, 'Major Injury'), 
(56, 26, 'Minor Injury'), 
(57, 27, 'No Injury'), 
(58, 28, 'Major Injury'), 
(59, 29, 'Minor Injury'), 
(60, 30, 'No Injury'); -- Insert data in the Feedback table 
INSERT INTO Feedback (EventID, VictimID, FeedbackDate, FeedbackText, Rating) VALUES 
(1, 16, '2024-10-10', 'The residential break-in was traumatic, and I feel unsafe in my own home 
now. I appreciate the police for their quick response, but it was a terrifying experience.', 4), 
(2, 17, '2024-10-11', 'Shoplifting incident was not something I expected. I feel vulnerable at 
retail stores now and hope better security measures are put in place.', 3), 
(3, 18, '2024-10-12', 'The office break-in was a complete violation of privacy. Important 
documents were stolen, and it has disrupted our operations significantly. I’m grateful the 
authorities are on top of it.', 5), 
(4, 19, '2024-10-13', 'The vehicle theft was an inconvenience. I didn’t expect such an event in a 
parking lot, and it left me feeling uneasy about leaving my car unattended.', 2), 
(5, 20, '2024-10-14', 'The break-in at my home was a nightmare. Valuable items were stolen, and 
it was unsettling to know someone violated my space. Thankfully, the police have been very 
helpful.', 4), 
(6, 16, '2024-10-15', 'Pickpocketing at the subway station was an awful experience. It was quick, 
and I didn’t notice until I needed my wallet. It was disorienting, and I hope thieves like this 
get caught soon.', 3), 
(7, 17, '2024-10-16', 'My storage warehouse was broken into, and the loss of inventory has 
affected my business. The police response time was good, but I hope we recover the stolen 
goods.', 3), 
(8, 18, '2024-10-17', 'Shoplifting at the electronics store caused a lot of damage. It’s 
frustrating, especially during a busy time, and I hope security measures will improve.', 2), 
(9, 19, '2024-10-18', 'The forced entry at my apartment complex made me feel vulnerable. The 
police arrived promptly, but the emotional toll has been significant.', 4), 
(10, 20, '2024-10-19', 'Losing my bicycle from the public park was frustrating, as I need it for 
commuting. It was a low priority theft, but I hope they catch the culprit.', 3), 
(11, 16, '2024-10-20', 'The break-in at my home has left me feeling vulnerable. The police 
response was quick, and they provided much-needed reassurance.', 5), 
(12, 17, '2024-10-21', 'My wallet was stolen at a coffee shop, and I didn’t notice until much 
later. I was left feeling quite violated and hope this is prevented in the future.', 2), 
(13, 18, '2024-10-22', 'The break-in at the office was traumatic, and important documents went 
missing. The police have been investigating, but I still feel uneasy.', 4), 
(14, 19, '2024-10-23', 'The purse snatching at a busy market was unexpected. I didn’t even 
realize it had happened until after I walked away. I was disappointed by the lack of security.', 
3), 
(15, 20, '2024-10-24', 'A break-in at my business office was devastating. Cash was stolen, and 
the emotional impact of it has been hard to handle. I hope the thieves are caught.', 5), 
(16, 16, '2024-10-25', 'Theft of my mobile phone on the bus left me feeling violated. It was an 
inconvenience, and I hope the thief is caught soon.', 2), 
(17, 17, '2024-10-26', 'My vacation rental was broken into, and personal items were taken. This 
has left me feeling disturbed, but the authorities are investigating the matter.', 3), 
(18, 18, '2024-10-27', 'Shoplifting at a supermarket left me frustrated as an employee. I’m 
worried about security and wish there were better preventative measures in place.', 2), 
(19, 19, '2024-10-28', 'The garage break-in and tool theft at my home was a nuisance. I hope the 
police are able to recover the stolen items, and I feel less safe now.', 3), 
(20, 20, '2024-10-29', 'Having my wallet stolen at a restaurant was a frustrating experience. The 
thief was quick, and I’m still dealing with the aftermath.', 2), 
(21, 16, '2024-10-30', 'The break-in at my bank was a shocking experience. I feel uneasy about 
the security at such places now, and I’m grateful for the prompt police response.', 4), 
(22, 17, '2024-10-31', 'Theft of equipment from the construction site was unfortunate. It has 
caused some delays, but I’m hoping the authorities can recover the stolen items.', 3), 
(23, 18, '2024-11-01', 'My home was broken into again. Electronics were stolen, and the violation 
felt even worse this time. I’m hoping for a resolution soon.', 5), 
(24, 19, '2024-11-02', 'Shoplifting at the clothing store was a disappointing experience. The 
store has cameras, but the thief was quick. I hope something is done to prevent this.', 3), 
(25, 20, '2024-11-03', 'A break-in at my hotel room took away valuables. The police acted fast, 
but it still leaves a feeling of vulnerability that I am still processing.', 4), 
(26, 16, '2024-11-04', 'Pickpocketing at the shopping mall was quick, and I didn’t even realize 
until later. It left me feeling violated and uneasy about my safety.', 2), 
(27, 17, '2024-11-05', 'The break-in at the research facility was a huge blow to our work. 
Important research documents were taken. I hope the police recover these items soon.', 3), 
(28, 18, '2024-11-06', 'Bicycle theft from my neighborhood was disappointing. It was in broad 
daylight, and I’m hoping for a better response from local authorities.', 2), 
(29, 19, '2024-11-07', 'The break-in at my university dorm was upsetting. Personal items were 
taken, and I feel less safe now. I’m grateful that the police are on the case.', 4), 
(30, 20, '2024-11-08', 'Theft of my wallet at the grocery store was a bad experience. The thief 
was quick, and I’m still working on getting everything sorted out.', 3), 
(31, 16, '2024-11-09', 'My apartment was broken into, and my television was stolen. I feel a loss 
of safety, and I hope the authorities can recover it soon.', 4), 
(32, 17, '2024-11-10', 'Shoplifting at the grocery store was annoying. The thief was fast, and it 
left me feeling concerned about the store’s security.', 3), 
(33, 18, '2024-11-11', 'Warehouse break-in and stolen inventory. It impacted my business, and I 
feel uneasy about the lack of safety measures.', 4), 
(34, 19, '2024-11-12', 'Theft from public transportation. My wallet was taken in a crowded area, 
and I didn’t even notice until much later. I hope the thief is found.', 2), 
(35, 20, '2024-11-13', 'The break-in at my house with jewelry stolen was an invasion of privacy. 
I feel deeply disturbed, but I am glad the police are working hard to resolve it.', 5), 
(36, 16, '2024-11-14', 'A purse was stolen from me by a thief while I was walking in a park. I 
didn’t even notice until later. The experience was very frustrating.', 2), 
(37, 17, '2024-11-15', 'Sensitive documents were stolen from the office during a break-in. It has 
caused significant disruption to our work, and I feel concerned about the security of our 
workplace.', 4), 
(38, 18, '2024-11-16', 'Pickpocketing at a concert left me feeling violated. The thief was quick, 
and I’m unsure about what steps to take next. I hope they’re caught soon.', 2), 
(39, 19, '2024-11-17', 'A break-in at the storage unit resulted in tools being stolen. This has 
impacted my business, and I hope the authorities will help recover them.', 3), 
(40, 20, '2024-11-18', 'My wallet was stolen at a crowded mall. It happened so fast, and I didn’t 
realize it until I needed it. It’s a frustrating situation.', 2), 
(41, 16, '2024-11-19', 'My luxury apartment was broken into, and valuables were stolen. It has 
been very traumatic, but I’m relieved the police are investigating it.', 5), 
(42, 17, '2024-11-20', 'The break-in at the office warehouse left us feeling vulnerable. 
Inventory was stolen, and it’s been a hassle to recover from it.', 3), 
(43, 18, '2024-11-21', 'Theft of tools from my business was a huge blow. The break-in disrupted 
my work schedule, and I hope to recover the stolen items soon.', 3), 
(44, 19, '2024-11-22', 'Pickpocketing while traveling abroad was an inconvenience. I didn’t 
notice the theft at first, but it has left me cautious about my surroundings.', 2), 
(45, 20, '2024-11-23', 'Theft of personal belongings from a beachside resort left me shaken. It 
was an invasion of privacy, and I’m grateful for the police assistance in recovering some 
items.', 4), 
(46, 16, '2024-11-24', 'Theft of documents from a workplace was disruptive. I’m hoping the 
authorities will investigate thoroughly, but I’m still stressed about the situation.', 3), 
(47, 17, '2024-11-25', 'Theft from a shopping cart at the supermarket was quick. The thief didn’t 
waste any time, and it’s a shame to know people act like this in public spaces.', 2), 
(48, 18, '2024-11-26', 'A purse was stolen from my office lobby. I feel like security should have 
been tighter, and this event has shaken my confidence in public places.', 3), 
(49, 19, '2024-11-27', 'My house was broken into, and electronics were stolen. The authorities 
have been very supportive, and I hope they catch the thief soon.', 4), 
(50, 20, '2024-11-28', 'Theft from a vending machine at work was frustrating. It was a minor 
incident but still leaves me feeling like I can’t trust the area completely.', 2), 
(51, 16, '2024-11-29', 'Break-in at my office took valuable documents. The disruption has been 
significant, and I’m hoping the police can recover them soon.', 4), 
(52, 17, '2024-11-30', 'Theft of equipment from a construction site left us behind on our 
project. I hope the police can catch the thief and recover our equipment soon.', 3), 
(53, 18, '2024-12-01', 'My bicycle was stolen from a parking garage. It was frustrating, but I 
hope the authorities can help recover it and prevent it from happening again.', 2), 
(54, 19, '2024-12-02', 'The break-in at the daycare facility was disturbing. I’m glad the 
authorities were quick, but I’m still shaken by the experience.', 4), 
(55, 20, '2024-12-03', 'My wallet was stolen while shopping. It was a minor inconvenience, but 
I’m still processing the incident.', 2), 
(56, 16, '2024-12-04', 'The theft of my phone on public transportation was disorienting. I didn’t 
realize until much later, and I hope the authorities are able to catch the thief soon.', 3), 
(57, 17, '2024-12-05', 'Theft from my garage left me feeling unsafe. The police have been 
helpful, but I’m hoping for some closure soon.', 4), 
(58, 18, '2024-12-06', 'The break-in at my vacation home left me feeling violated. I’m glad the 
police are investigating it, but it’s been very unsettling.', 5), 
(59, 19, '2024-12-07', 'Theft of cash from my office was frustrating. The thief was quick, and 
I’m still working with authorities to resolve the situation.', 3), 
(60, 20, '2024-12-08', 'My wallet was stolen during a night out. It was a frustrating experience, 
but I hope something is done about the rising crime rate in this area.', 2); -- Insert data in the SuspectInvolvement table 
INSERT INTO SuspectInvolvement (EventID, SuspectID, InvolvementLevel) VALUES 
(1, 47, 'Primary Suspect'), 
(2, 48, 'Witness'), 
(3, 49, 'Accomplice'), 
(4, 50, 'Person of Interest'), 
(5, 51, 'Under Investigation'), 
(6, 52, 'Primary Suspect'), 
(7, 53, 'Witness'), 
(8, 54, 'Accomplice'), 
(9, 55, 'Person of Interest'), 
(10, 56, 'Under Investigation'), 
(11, 57, 'Primary Suspect'), 
(12, 58, 'Witness'), 
(13, 59, 'Accomplice'), 
(14, 60, 'Person of Interest'), 
(15, 47, 'Under Investigation'), 
(16, 48, 'Primary Suspect'), 
(17, 49, 'Witness'), 
(18, 50, 'Accomplice'), 
(19, 51, 'Person of Interest'), 
(20, 52, 'Under Investigation'), 
(21, 53, 'Primary Suspect'), 
(22, 54, 'Witness'), 
(23, 55, 'Accomplice'), 
(24, 56, 'Person of Interest'), 
(25, 57, 'Under Investigation'), 
(26, 58, 'Primary Suspect'), 
(27, 59, 'Witness'), 
(28, 60, 'Accomplice'), 
(29, 47, 'Person of Interest'), 
(30, 48, 'Under Investigation'), 
(31, 49, 'Primary Suspect'), 
(32, 50, 'Witness'), 
(33, 51, 'Accomplice'), 
(34, 52, 'Person of Interest'), 
(35, 53, 'Under Investigation'), 
(36, 54, 'Primary Suspect'), 
(37, 55, 'Witness'), 
(38, 56, 'Accomplice'), 
(39, 57, 'Person of Interest'), 
(40, 58, 'Under Investigation'), 
(41, 59, 'Primary Suspect'), 
(42, 60, 'Witness'), 
(43, 47, 'Accomplice'), 
(44, 48, 'Person of Interest'), 
(45, 49, 'Under Investigation'), 
(46, 50, 'Primary Suspect'), 
(47, 51, 'Witness'), 
(48, 52, 'Accomplice'), 
(49, 53, 'Person of Interest'), 
(50, 54, 'Under Investigation'), 
(51, 55, 'Primary Suspect'), 
(52, 56, 'Witness'), 
(53, 57, 'Accomplice'), 
(54, 58, 'Person of Interest'), 
(55, 59, 'Under Investigation'), 
(56, 60, 'Primary Suspect'), 
(57, 47, 'Witness'), 
(58, 48, 'Accomplice'), 
(59, 49, 'Person of Interest'), 
(60, 50, 'Under Investigation'); -- Insert data in the WitnessInvolvement table 
INSERT INTO WitnessInvolvement (EventID, WitnessID, InvolvementLevel) 
VALUES  
(1, 31, 'Primary'), 
(2, 32, 'Primary'), 
(3, 33, 'Primary'), 
(4, 34, 'Primary'), 
(5, 35, 'Primary'), 
(6, 36, 'Primary'), 
(7, 37, 'Primary'), 
(8, 38, 'Primary'), 
(9, 39, 'Primary'), 
(10, 40, 'Primary'), 
(11, 41, 'Primary'), 
(12, 42, 'Primary'), 
(13, 43, 'Primary'), 
(14, 44, 'Primary'), 
(15, 45, 'Primary'), 
(16, 31, 'Primary'), 
(16, 32, 'Secondary'), 
(17, 32, 'Primary'), 
(17, 33, 'Secondary'), 
(18, 33, 'Primary'), 
(18, 34, 'Secondary'), 
(19, 34, 'Primary'), 
(19, 35, 'Secondary'), 
(20, 35, 'Primary'), 
(20, 36, 'Secondary'), 
(21, 36, 'Primary'), 
(22, 37, 'Primary'), 
(22, 38, 'Secondary'), 
(23, 38, 'Primary'), 
(23, 39, 'Secondary'), 
(24, 39, 'Primary'), 
(25, 40, 'Primary'), 
(25, 41, 'Secondary'), 
(26, 41, 'Primary'), 
(26, 42, 'Secondary'), 
(27, 42, 'Primary'), 
(27, 43, 'Secondary'), 
(28, 43, 'Primary'), 
(29, 44, 'Primary'), 
(29, 45, 'Secondary'), 
(30, 45, 'Primary'), 
(31, 31, 'Primary'), 
(32, 32, 'Primary'), 
(33, 33, 'Primary'), 
(34, 34, 'Primary'), 
(35, 35, 'Primary'), 
(36, 36, 'Primary'), 
(37, 37, 'Primary'), 
(38, 38, 'Primary'), 
(39, 39, 'Primary'), 
(40, 40, 'Primary'), 
(41, 41, 'Primary'), 
(42, 42, 'Primary'), 
(43, 43, 'Primary'), 
(44, 44, 'Primary'), 
(45, 45, 'Primary'), 
(46, 31, 'Primary'), 
(47, 32, 'Primary'), 
(47, 33, 'Secondary'), 
(48, 34, 'Primary'), 
(48, 35, 'Secondary'), 
(49, 36, 'Primary'), 
(50, 37, 'Primary'), 
(50, 38, 'Secondary'), 
(51, 39, 'Primary'), 
(51, 40, 'Secondary'), 
(52, 41, 'Primary'), 
(53, 42, 'Primary'), 
(54, 43, 'Primary'), 
(55, 44, 'Primary'), 
(56, 45, 'Primary'), 
(57, 31, 'Primary'), 
(58, 32, 'Primary'), 
(59, 33, 'Primary'), 
(60, 34, 'Primary'); -- Insert data in the PropertyInvolvement table 
INSERT INTO PropertyInvolvement (EventID, PropertyID, InvolvementType) 
VALUES 
(2, 1, 'Stolen'),    -- EventID 2: Shoplifting incident, Property: Smartphone 
(4, 4, 'Stolen'),    -- EventID 4: Vehicle theft, Property: Wallet with cash 
(6, 5, 'Stolen'),    -- EventID 6: Pickpocketing, Property: Smartwatch 
(8, 8, 'Stolen'),    -- EventID 8: Shoplifting, Property: Tablet 
(10, 10, 'Misplaced'), -- EventID 10: Bicycle theft, Property: Leather wallet 
(12, 12, 'Stolen'),  -- EventID 12: Wallet stolen, Property: Headphones 
(14, 14, 'Damaged'), -- EventID 14: Purse snatching, Property: Motorcycle helmet 
(16, 16, 'Recovered'), -- EventID 16: Mobile phone theft, Property: Envelope with $500 
(18, 17, 'Stolen'),  -- EventID 18: Wallet theft, Property: Gold watch 
(20, 19, 'Stolen'),  -- EventID 20: Theft, Property: PlayStation 5 
(22, 20, 'Destroyed'), -- EventID 22: Theft, Property: Set of keys 
(24, 2, 'Stolen'),   -- EventID 24: Shoplifting, Property: Gold necklace 
(26, 3, 'Confiscated'), -- EventID 26: Bicycle theft, Property: Laptop 
(28, 7, 'Damaged'),  -- EventID 28: Handbag snatching, Property: Designer handbag 
(30, 6, 'Stolen'),   -- EventID 30: Theft, Property: Diamond engagement ring 
(32, 18, 'Stolen'),  -- EventID 32: Theft, Property: Sunglasses 
(34, 11, 'Stolen'),  -- EventID 34: Stolen purse, Property: Silver bracelet 
(36, 19, 'Recovered'), -- EventID 36: Mobile phone theft, Property: Gaming console 
(38, 15, 'Misplaced'), -- EventID 38: Pickpocketing, Property: Camera 
(40, 13, 'Stolen'),  -- EventID 40: Wallet theft, Property: Passport 
(42, 4, 'Stolen'),   -- EventID 42: Theft, Property: Wallet with $200 
(44, 14, 'Damaged'), -- EventID 44: Stolen purse, Property: Motorcycle helmet 
(46, 5, 'Stolen'),   -- EventID 46: Pickpocketing, Property: Smartwatch 
(48, 8, 'Misplaced'), -- EventID 48: Bicycle theft, Property: Tablet 
(50, 12, 'Confiscated'), -- EventID 50: Wallet theft, Property: Headphones 
(52, 1, 'Stolen'),   -- EventID 52: Pickpocketing, Property: Smartphone 
(54, 16, 'Recovered'), -- EventID 54: Stolen wallet, Property: Envelope with cash 
(56, 10, 'Stolen'),  -- EventID 56: Wallet theft, Property: Leather wallet 
(58, 17, 'Damaged'), -- EventID 58: Stolen sunglasses, Property: Gold watch 
(60, 3, 'Confiscated'); -- EventID 60: Office theft, Property: Laptop -- Insert data in the Role table 
INSERT INTO Role (EventID, PersonID, [Role], DateOfAssignment) 
VALUES -- Police Roles 
(1, 1, 'Police', '2024-10-10'), 
(2, 2, 'Police', '2024-10-11'), 
(3, 3, 'Police', '2024-10-12'), 
(4, 4, 'Police', '2024-10-13'), 
(5, 5, 'Police', '2024-10-14'), 
(6, 6, 'Police', '2024-10-15'), 
(7, 7, 'Police', '2024-10-16'), 
(8, 8, 'Police', '2024-10-17'), 
(9, 9, 'Police', '2024-10-18'), 
(10, 10, 'Police', '2024-10-19'), 
(11, 11, 'Police', '2024-10-20'), 
(12, 12, 'Police', '2024-10-21'), 
(13, 13, 'Police', '2024-10-22'), 
(14, 14, 'Police', '2024-10-23'), 
(15, 15, 'Police', '2024-10-24'), 
(16, 1, 'Police', '2024-10-25'), 
(17, 2, 'Police', '2024-10-26'), 
(18, 3, 'Police', '2024-10-27'), 
(19, 4, 'Police', '2024-10-28'), 
(20, 5, 'Police', '2024-10-29'), 
(21, 6, 'Police', '2024-10-30'), 
(22, 7, 'Police', '2024-10-31'), 
(23, 8, 'Police', '2024-11-01'), 
(24, 9, 'Police', '2024-11-02'), 
(25, 10, 'Police', '2024-11-03'), 
(26, 11, 'Police', '2024-11-04'), 
(27, 12, 'Police', '2024-11-05'), 
(28, 13, 'Police', '2024-11-06'), 
(29, 14, 'Police', '2024-11-07'), 
(30, 15, 'Police', '2024-11-08'), 
(31, 1, 'Police', '2024-11-09'), 
(32, 2, 'Police', '2024-11-10'), 
(33, 3, 'Police', '2024-11-11'), 
(34, 4, 'Police', '2024-11-12'), 
(35, 5, 'Police', '2024-11-13'), 
(36, 6, 'Police', '2024-11-14'), 
(37, 7, 'Police', '2024-11-15'), 
(38, 8, 'Police', '2024-11-16'), 
(39, 9, 'Police', '2024-11-17'), 
(40, 10, 'Police', '2024-11-18'), 
(41, 11, 'Police', '2024-11-19'), 
(42, 12, 'Police', '2024-11-20'), 
(43, 13, 'Police', '2024-11-21'), 
(44, 14, 'Police', '2024-11-22'), 
(45, 15, 'Police', '2024-11-23'), 
(46, 1, 'Police', '2024-11-24'), 
(47, 2, 'Police', '2024-11-25'), 
(48, 3, 'Police', '2024-11-26'), 
(49, 4, 'Police', '2024-11-27'), 
(50, 5, 'Police', '2024-11-28'), 
(51, 6, 'Police', '2024-11-29'), 
(52, 7, 'Police', '2024-11-30'), 
(53, 8, 'Police', '2024-12-01'), 
(54, 9, 'Police', '2024-12-02'), 
(55, 10, 'Police', '2024-12-03'), 
(56, 11, 'Police', '2024-12-04'), 
(57, 12, 'Police', '2024-12-05'), 
(58, 13, 'Police', '2024-12-06'), 
(59, 14, 'Police', '2024-12-07'), 
(60, 15, 'Police', '2024-12-08'), -- Victim Roles 
(1, 16, 'Victim', '2024-10-10'), 
(2, 17, 'Victim', '2024-10-11'), 
(3, 18, 'Victim', '2024-10-12'), 
(4, 19, 'Victim', '2024-10-13'), 
(5, 20, 'Victim', '2024-10-14'), 
(6, 21, 'Victim', '2024-10-15'), 
(7, 22, 'Victim', '2024-10-16'), 
(8, 23, 'Victim', '2024-10-17'), 
(9, 24, 'Victim', '2024-10-18'), 
(10, 25, 'Victim', '2024-10-19'), 
(11, 26, 'Victim', '2024-10-20'), 
(12, 27, 'Victim', '2024-10-21'), 
(13, 28, 'Victim', '2024-10-22'), 
(14, 29, 'Victim', '2024-10-23'), 
(15, 30, 'Victim', '2024-10-24'), 
(16, 16, 'Victim', '2024-10-25'), 
(17, 17, 'Victim', '2024-10-26'), 
(18, 18, 'Victim', '2024-10-27'), 
(19, 19, 'Victim', '2024-10-28'), 
(20, 20, 'Victim', '2024-10-29'), 
(21, 21, 'Victim', '2024-10-30'), 
(22, 22, 'Victim', '2024-10-31'), 
(23, 23, 'Victim', '2024-11-01'), 
(24, 24, 'Victim', '2024-11-02'), 
(25, 25, 'Victim', '2024-11-03'), 
(26, 26, 'Victim', '2024-11-04'), 
(27, 27, 'Victim', '2024-11-05'), 
(28, 28, 'Victim', '2024-11-06'), 
(29, 29, 'Victim', '2024-11-07'), 
(30, 30, 'Victim', '2024-11-08'), 
(31, 16, 'Victim', '2024-11-09'), 
(32, 17, 'Victim', '2024-11-10'), 
(33, 18, 'Victim', '2024-11-11'), 
(34, 19, 'Victim', '2024-11-12'), 
(35, 20, 'Victim', '2024-11-13'), 
(36, 21, 'Victim', '2024-11-14'), 
(37, 22, 'Victim', '2024-11-15'), 
(38, 23, 'Victim', '2024-11-16'), 
(39, 24, 'Victim', '2024-11-17'), 
(40, 25, 'Victim', '2024-11-18'), 
(41, 26, 'Victim', '2024-11-19'), 
(42, 27, 'Victim', '2024-11-20'), 
(43, 28, 'Victim', '2024-11-21'), 
(44, 29, 'Victim', '2024-11-22'), 
(45, 30, 'Victim', '2024-11-23'), 
(46, 16, 'Victim', '2024-11-24'), 
(47, 17, 'Victim', '2024-11-25'), 
(48, 18, 'Victim', '2024-11-26'), 
(49, 19, 'Victim', '2024-11-27'), 
(50, 20, 'Victim', '2024-11-28'), 
(51, 21, 'Victim', '2024-11-29'), 
(52, 22, 'Victim', '2024-11-30'), 
(53, 23, 'Victim', '2024-12-01'), 
(54, 24, 'Victim', '2024-12-02'), 
(55, 25, 'Victim', '2024-12-03'), 
(56, 26, 'Victim', '2024-12-04'), 
(57, 27, 'Victim', '2024-12-05'), 
(58, 28, 'Victim', '2024-12-06'), 
(59, 29, 'Victim', '2024-12-07'), 
(60, 30, 'Victim', '2024-12-08'), 
-- Suspect Roles 
(1, 47, 'Suspect', '2024-10-10'), 
(2, 48, 'Suspect', '2024-10-11'), 
(3, 49, 'Suspect', '2024-10-12'), 
(4, 50, 'Suspect', '2024-10-13'), 
(5, 51, 'Suspect', '2024-10-14'), 
(6, 52, 'Suspect', '2024-10-15'), 
(7, 53, 'Suspect', '2024-10-16'), 
(8, 54, 'Suspect', '2024-10-17'), 
(9, 55, 'Suspect', '2024-10-18'), 
(10, 56, 'Suspect', '2024-10-19'), 
(11, 57, 'Suspect', '2024-10-20'), 
(12, 58, 'Suspect', '2024-10-21'), 
(13, 59, 'Suspect', '2024-10-22'), 
(14, 60, 'Suspect', '2024-10-23'), 
(15, 47, 'Suspect', '2024-10-24'), 
(16, 48, 'Suspect', '2024-10-25'), 
(17, 49, 'Suspect', '2024-10-26'), 
(18, 50, 'Suspect', '2024-10-27'), 
(19, 51, 'Suspect', '2024-10-28'), 
(20, 52, 'Suspect', '2024-10-29'), 
(21, 53, 'Suspect', '2024-10-30'), 
(22, 54, 'Suspect', '2024-10-31'), 
(23, 55, 'Suspect', '2024-11-01'), 
(24, 56, 'Suspect', '2024-11-02'), 
(25, 57, 'Suspect', '2024-11-03'), 
(26, 58, 'Suspect', '2024-11-04'), 
(27, 59, 'Suspect', '2024-11-05'), 
(28, 60, 'Suspect', '2024-11-06'), 
(29, 47, 'Suspect', '2024-11-07'), 
(30, 48, 'Suspect', '2024-11-08'), 
(31, 49, 'Suspect', '2024-11-09'), 
(32, 50, 'Suspect', '2024-11-10'), 
(33, 51, 'Suspect', '2024-11-11'), 
(34, 52, 'Suspect', '2024-11-12'), 
(35, 53, 'Suspect', '2024-11-13'), 
(36, 54, 'Suspect', '2024-11-14'), 
(37, 55, 'Suspect', '2024-11-15'), 
(38, 56, 'Suspect', '2024-11-16'), 
(39, 57, 'Suspect', '2024-11-17'), 
(40, 58, 'Suspect', '2024-11-18'), 
(41, 59, 'Suspect', '2024-11-19'), 
(42, 60, 'Suspect', '2024-11-20'), 
(43, 47, 'Suspect', '2024-11-21'), 
(44, 48, 'Suspect', '2024-11-22'), 
(45, 49, 'Suspect', '2024-11-23'), 
(46, 50, 'Suspect', '2024-11-24'), 
(47, 51, 'Suspect', '2024-11-25'), 
(48, 52, 'Suspect', '2024-11-26'), 
(49, 53, 'Suspect', '2024-11-27'), 
(50, 54, 'Suspect', '2024-11-28'), 
(51, 55, 'Suspect', '2024-11-29'), 
(52, 56, 'Suspect', '2024-11-30'), 
(53, 57, 'Suspect', '2024-12-01'), 
(54, 58, 'Suspect', '2024-12-02'), 
(55, 59, 'Suspect', '2024-12-03'), 
(56, 60, 'Suspect', '2024-12-04'), 
(57, 47, 'Suspect', '2024-12-05'), 
(58, 48, 'Suspect', '2024-12-06'), 
(59, 49, 'Suspect', '2024-12-07'), 
(60, 50, 'Suspect', '2024-12-08'), -- Witness Roles 
(1, 31, 'Witness', '2024-10-10'), 
(2, 32, 'Witness', '2024-10-11'), 
(3, 33, 'Witness', '2024-10-12'), 
(4, 34, 'Witness', '2024-10-13'), 
(5, 35, 'Witness', '2024-10-14'), 
(6, 36, 'Witness', '2024-10-15'), 
(7, 37, 'Witness', '2024-10-16'), 
(8, 38, 'Witness', '2024-10-17'), 
(9, 39, 'Witness', '2024-10-18'), 
(10, 40, 'Witness', '2024-10-19'), 
(11, 41, 'Witness', '2024-10-20'), 
(12, 42, 'Witness', '2024-10-21'), 
(13, 43, 'Witness', '2024-10-22'), 
(14, 44, 'Witness', '2024-10-23'), 
(15, 45, 'Witness', '2024-10-24'), 
(16, 31, 'Witness', '2024-10-25'), 
(17, 32, 'Witness', '2024-10-26'), 
(18, 33, 'Witness', '2024-10-27'), 
(19, 34, 'Witness', '2024-10-28'), 
(20, 35, 'Witness', '2024-10-29'), 
(21, 36, 'Witness', '2024-10-30'), 
(22, 37, 'Witness', '2024-10-31'), 
(23, 38, 'Witness', '2024-11-01'), 
(24, 39, 'Witness', '2024-11-02'), 
(25, 40, 'Witness', '2024-11-03'), 
(26, 41, 'Witness', '2024-11-04'), 
(27, 42, 'Witness', '2024-11-05'), 
(28, 43, 'Witness', '2024-11-06'), 
(29, 44, 'Witness', '2024-11-07'), 
(30, 45, 'Witness', '2024-11-08'), 
(31, 31, 'Witness', '2024-11-09'), 
(32, 32, 'Witness', '2024-11-10'), 
(33, 33, 'Witness', '2024-11-11'), 
(34, 34, 'Witness', '2024-11-12'), 
(35, 35, 'Witness', '2024-11-13'), 
(36, 36, 'Witness', '2024-11-14'), 
(37, 37, 'Witness', '2024-11-15'), 
(38, 38, 'Witness', '2024-11-16'), 
(39, 39, 'Witness', '2024-11-17'), 
(40, 40, 'Witness', '2024-11-18'), 
(41, 41, 'Witness', '2024-11-19'), 
(42, 42, 'Witness', '2024-11-20'), 
(43, 43, 'Witness', '2024-11-21'), 
(44, 44, 'Witness', '2024-11-22'), 
(45, 45, 'Witness', '2024-11-23'), 
(46, 31, 'Witness', '2024-11-24'), 
(47, 32, 'Witness', '2024-11-25'), 
(48, 33, 'Witness', '2024-11-26'), 
(49, 34, 'Witness', '2024-11-27'), 
(50, 35, 'Witness', '2024-11-28'), 
(51, 36, 'Witness', '2024-11-29'), 
(52, 37, 'Witness', '2024-11-30'), 
(53, 38, 'Witness', '2024-12-01'), 
(54, 39, 'Witness', '2024-12-02'), 
(55, 40, 'Witness', '2024-12-03'), 
(56, 41, 'Witness', '2024-12-04'), 
(57, 42, 'Witness', '2024-12-05'), 
(58, 43, 'Witness', '2024-12-06'), 
(59, 44, 'Witness', '2024-12-07'), 
(60, 45, 'Witness', '2024-12-08'); 